age,income_lakh,credit_score,loan_amount_lakh,existing_loans,approved,debt_burden,high_credit_score
28.0,12.64,613.0,8.93,3.0,1,0.7064873417721519,0
57.0,19.8,753.0,28.22,3.0,1,1.4252525252525252,1
35.0,20.54,787.0,18.94,1.0,1,0.9221032132424538,1
59.0,18.87,816.0,11.61,1.0,1,0.615262321144674,1
62.0,11.63,553.0,5.23,3.0,1,0.44969905417024936,0
32.0,3.48,625.0,11.19,3.0,0,3.21551724137931,0
56.0,23.49,779.0,11.54,3.0,1,0.49127288207747977,1
45.0,12.02,671.0,5.07,1.0,1,0.42179700499168055,0
21.0,8.22,656.0,13.54,1.0,1,1.6472019464720193,0
63.0,11.82,526.0,29.57,0.0,0,2.5016920473773263,0
39.0,8.09,556.0,9.09,0.0,1,1.1236093943139678,0
22.0,2.31,761.0,22.93,3.0,0,9.926406926406926,1
26.0,17.59,625.0,21.83,3.0,1,1.2410460488914155,0
31.0,8.55,774.0,6.2,0.0,1,0.7251461988304093,1
25.0,18.65,757.0,11.59,3.0,1,0.6214477211796247,1
23.0,3.36,478.0,20.52,3.0,0,6.107142857142858,0
31.0,1.53,796.0,16.89,1.0,0,11.03921568627451,1
53.0,20.86,513.0,23.63,1.0,1,1.1327900287631831,0
32.0,7.22,469.0,6.91,2.0,1,0.9570637119113574,0
27.0,7.74,575.0,18.88,4.0,0,2.4392764857881133,0
39.0,13.79,584.0,21.52,2.0,1,1.5605511240029006,0
48.0,13.17,641.0,19.2,2.0,1,1.4578587699316627,0
45.0,2.67,773.0,12.24,2.0,0,4.584269662921349,1
32.0,17.86,600.0,3.51,2.0,1,0.196528555431131,0
27.0,5.78,639.0,22.28,4.0,0,3.8546712802768166,0
39.0,22.41,745.0,21.28,3.0,1,0.9495760821062026,1
55.0,13.92,572.0,28.33,4.0,0,2.035201149425287,0
51.0,21.77,646.0,11.79,1.0,1,0.5415709692237023,0
39.0,6.19,485.0,11.41,3.0,0,1.8432956381260095,0
39.0,8.96,651.0,24.14,3.0,0,2.6941964285714284,0
37.0,17.34,562.0,14.01,1.0,1,0.8079584775086505,0
21.0,16.37,823.0,18.13,1.0,1,1.1075137446548564,1
44.0,9.7,816.0,7.81,1.0,1,0.8051546391752578,1
23.0,7.06,646.0,29.47,1.0,0,4.174220963172805,0
34.0,13.81,551.0,8.4,2.0,1,0.6082548877624909,0
37.0,6.33,716.0,12.06,4.0,0,1.9052132701421802,1
50.0,1.66,636.0,29.87,4.0,0,17.99397590361446,0
22.0,4.79,681.0,3.16,1.0,1,0.6597077244258873,0
41.0,8.63,484.0,25.52,0.0,0,2.95712630359212,0
28.0,11.34,725.0,8.39,2.0,1,0.7398589065255733,1
30.0,11.61,567.0,2.97,3.0,1,0.2558139534883721,0
44.0,7.73,487.0,24.83,2.0,0,3.212160413971539,0
54.0,1.83,693.0,29.73,4.0,0,16.24590163934426,0
26.0,21.26,550.0,27.04,1.0,1,1.2718720602069613,0
63.0,6.78,735.0,4.74,2.0,1,0.6991150442477876,1
34.0,1.53,787.0,26.05,3.0,0,17.026143790849673,1
50.0,2.31,840.0,27.13,1.0,0,11.744588744588745,1
60.0,13.37,688.0,28.79,2.0,0,2.153328347045625,0
22.0,20.53,765.0,8.31,2.0,1,0.40477350219191427,1
53.0,13.83,706.0,16.1,4.0,1,1.1641359363702097,1
63.0,3.24,540.0,21.13,0.0,0,6.521604938271604,0
41.0,7.28,558.0,16.13,2.0,0,2.2156593406593403,0
34.0,13.79,737.0,1.48,0.0,1,0.107324147933285,1
47.0,19.26,507.0,28.3,1.0,1,1.4693665628245067,0
55.0,18.21,753.0,15.42,2.0,1,0.8467874794069192,1
35.0,1.93,802.0,2.94,4.0,0,1.5233160621761659,1
31.0,24.62,650.0,7.66,0.0,1,0.3111291632818846,0
56.0,11.77,690.0,23.67,2.0,0,2.0110450297366187,0
25.0,7.94,505.0,14.3,2.0,0,1.801007556675063,0
44.0,23.64,472.0,8.55,4.0,1,0.3616751269035533,0
25.0,21.09,802.0,12.0,1.0,1,0.5689900426742532,1
48.0,6.01,561.0,4.87,3.0,1,0.810316139767055,0
31.0,19.91,547.0,22.31,4.0,1,1.1205424409844298,0
42.0,24.63,825.0,18.7,1.0,1,0.7592367032074706,1
56.0,16.54,541.0,10.47,2.0,1,0.6330108827085853,0
39.0,3.34,733.0,9.75,0.0,0,2.9191616766467066,1
33.0,3.38,453.0,25.08,0.0,0,7.420118343195266,0
51.0,2.42,816.0,5.87,3.0,0,2.425619834710744,1
60.0,19.14,565.0,22.54,3.0,1,1.1776384535005224,0
30.0,19.74,711.0,2.47,2.0,1,0.12512664640324217,1
33.0,9.5,573.0,11.79,4.0,0,1.2410526315789472,0
58.0,2.27,497.0,25.98,3.0,0,11.444933920704846,0
28.0,18.99,510.0,13.92,2.0,1,0.7330173775671407,0
50.0,12.01,503.0,26.11,1.0,0,2.174021648626145,0
46.0,19.76,749.0,16.22,2.0,1,0.8208502024291496,1
26.0,3.75,468.0,8.68,0.0,0,2.3146666666666667,0
47.0,18.0,460.0,3.58,4.0,1,0.1988888888888889,0
21.0,2.63,464.0,6.23,3.0,0,2.3688212927756656,0
30.0,15.02,649.0,9.42,3.0,1,0.6271637816245007,0
60.0,19.83,763.0,20.33,0.0,1,1.0252143217347454,1
31.0,8.47,641.0,10.37,2.0,1,1.2243211334120423,0
21.0,2.76,549.0,3.7,4.0,0,1.3405797101449277,0
45.0,22.09,799.0,6.26,4.0,1,0.2833861475780896,1
42.0,3.17,787.0,26.72,4.0,0,8.429022082018927,1
56.0,11.74,650.0,3.4,0.0,1,0.28960817717206133,0
62.0,11.39,637.0,9.52,4.0,1,0.835820895522388,0
39.0,17.97,490.0,10.84,2.0,1,0.6032276015581525,0
53.0,23.07,492.0,18.97,1.0,1,0.8222800173385348,0
35.0,14.18,652.0,18.71,4.0,1,1.3194640338504937,0
23.0,6.27,799.0,6.87,0.0,1,1.0956937799043063,1
59.0,5.38,847.0,9.37,3.0,1,1.7416356877323418,1
21.0,16.74,650.0,6.61,1.0,1,0.394862604540024,0
48.0,12.85,760.0,22.26,1.0,1,1.732295719844358,1
42.0,22.8,463.0,29.15,4.0,1,1.2785087719298245,0
64.0,2.4,551.0,22.42,4.0,0,9.341666666666669,0
21.0,21.93,620.0,19.62,4.0,1,0.8946648426812586,0
52.0,23.67,466.0,15.17,0.0,1,0.6408956485002112,0
48.0,8.62,530.0,2.04,4.0,1,0.2366589327146172,0
27.0,2.23,464.0,3.33,0.0,0,1.493273542600897,0
30.0,18.41,850.0,5.45,0.0,1,0.2960347637153721,1
44.0,9.05,827.0,6.96,4.0,1,0.7690607734806629,1
33.0,23.5,465.0,3.49,2.0,1,0.14851063829787234,0
52.0,3.07,806.0,13.98,4.0,0,4.5537459283387625,1
26.0,12.57,774.0,2.06,2.0,1,0.16388225934765313,1
58.0,17.97,725.0,19.34,2.0,1,1.0762381747356706,1
54.0,2.37,523.0,11.84,3.0,0,4.995780590717299,0
47.0,14.3,510.0,15.88,4.0,1,1.1104895104895105,0
44.0,22.83,586.0,4.27,1.0,1,0.18703460359176521,0
22.0,18.64,559.0,25.6,3.0,1,1.3733905579399142,0
52.0,1.78,489.0,8.92,0.0,0,5.01123595505618,0
48.0,7.14,572.0,9.87,1.0,1,1.3823529411764706,0
40.0,9.51,657.0,9.79,1.0,1,1.0294426919032598,0
40.0,10.8,732.0,29.49,4.0,0,2.730555555555555,1
64.0,23.16,528.0,12.35,0.0,1,0.5332469775474956,0
59.0,4.3,539.0,12.03,1.0,0,2.797674418604651,0
27.0,15.92,790.0,21.93,1.0,1,1.3775125628140703,1
63.0,21.22,479.0,27.99,4.0,1,1.3190386427898209,0
46.0,16.21,569.0,12.16,4.0,1,0.7501542257865514,0
32.0,12.68,516.0,23.32,1.0,0,1.8391167192429023,0
55.0,17.08,666.0,29.0,3.0,1,1.6978922716627636,0
24.0,20.89,622.0,13.28,2.0,1,0.6357108664432742,0
28.0,3.02,801.0,23.7,1.0,0,7.847682119205298,1
50.0,15.74,524.0,1.24,1.0,1,0.07878017789072427,0
42.0,10.15,529.0,22.1,1.0,0,2.1773399014778327,0
34.0,15.62,714.0,16.6,1.0,1,1.062740076824584,1
29.0,17.11,683.0,6.32,3.0,1,0.3693746347165401,0
42.0,23.45,614.0,11.52,2.0,1,0.4912579957356077,0
36.0,14.77,586.0,28.48,4.0,0,1.928232904536222,0
22.0,12.73,486.0,11.68,3.0,1,0.9175176747839748,0
27.0,22.98,782.0,15.63,1.0,1,0.6801566579634465,1
38.0,20.96,671.0,24.78,3.0,1,1.1822519083969465,0
46.0,10.36,786.0,16.68,0.0,1,1.6100386100386102,1
29.0,10.27,617.0,9.12,3.0,1,0.8880233690360272,0
61.0,5.29,773.0,6.68,4.0,0,1.2627599243856331,1
32.0,16.01,610.0,3.56,1.0,1,0.22236102435977512,0
64.0,24.17,502.0,23.68,1.0,1,0.9797269342159701,0
52.0,11.72,552.0,15.675,2.0,0,1.337457337883959,0
59.0,15.09,699.0,5.78,4.0,1,0.38303512259774686,0
62.0,11.34,808.0,26.83,4.0,0,2.3659611992945324,1
38.0,14.29,700.0,6.43,4.0,1,0.44996501049685095,1
59.0,11.04,722.0,15.2,0.0,1,1.3768115942028987,1
25.0,24.97,773.0,18.32,2.0,1,0.7336804164997998,1
58.0,21.21,641.0,3.35,2.0,1,0.15794436586515795,0
48.0,16.21,787.0,15.33,2.0,1,0.9457125231338679,1
56.0,12.01,832.0,6.29,0.0,1,0.5237302248126562,1
23.0,4.37,820.0,16.59,0.0,0,3.7963386727688784,1
41.0,5.53,741.0,28.6,1.0,0,5.1717902350813745,1
55.0,1.6,733.0,24.01,3.0,0,15.00625,1
47.0,6.73,792.0,5.66,2.0,1,0.8410104011887073,1
30.0,23.12,499.0,12.34,1.0,1,0.5337370242214533,0
22.0,17.99,763.0,1.73,1.0,1,0.09616453585325181,1
63.0,11.18,590.0,8.59,1.0,1,0.7683363148479427,0
44.0,7.68,496.0,18.03,0.0,0,2.3476562500000004,0
34.0,9.8,621.0,9.11,4.0,1,0.9295918367346937,0
48.0,11.01,690.0,1.18,0.0,1,0.10717529518619437,0
38.0,14.66,797.0,25.76,2.0,1,1.7571623465211461,1
21.0,23.82,705.0,23.35,0.0,1,0.9802686817800168,1
57.0,7.71,555.0,28.45,2.0,0,3.690012970168612,0
62.0,12.08,576.0,8.61,1.0,1,0.7127483443708609,0
54.0,14.56,580.0,20.02,3.0,1,1.375,0
35.0,10.65,805.0,5.72,2.0,1,0.5370892018779342,1
27.0,2.92,557.0,5.32,4.0,0,1.8219178082191783,0
42.0,3.67,534.0,8.55,3.0,0,2.329700272479564,0
23.0,18.44,743.0,15.04,2.0,1,0.8156182212581344,1
27.0,11.73,614.0,25.35,3.0,0,2.161125319693095,0
62.0,22.25,534.0,22.94,3.0,1,1.0310112359550563,0
61.0,17.48,491.0,26.79,3.0,0,1.5326086956521738,0
36.0,6.52,640.0,21.71,1.0,0,3.3297546012269943,0
39.0,19.96,759.0,8.32,4.0,1,0.4168336673346693,1
24.0,15.07,652.0,25.11,2.0,1,1.6662242866622428,0
42.0,19.44,753.0,24.54,4.0,1,1.2623456790123455,1
35.0,19.28,800.0,1.13,0.0,1,0.05860995850622406,1
25.0,2.17,770.0,10.44,4.0,0,4.811059907834101,1
62.0,8.56,600.0,24.43,4.0,0,2.8539719626168223,0
23.0,14.66,664.0,6.97,4.0,1,0.4754433833560709,0
54.0,24.25,535.0,23.37,3.0,1,0.9637113402061857,0
26.0,9.63,521.0,27.89,1.0,0,2.8961578400830734,0
46.0,3.88,571.0,3.73,0.0,1,0.961340206185567,0
58.0,4.29,681.0,19.83,3.0,0,4.622377622377622,0
42.0,7.79,501.0,23.61,4.0,0,3.030808729139923,0
52.0,24.53,482.0,15.675,4.0,1,0.6390134529147982,0
59.0,15.09,496.0,22.24,2.0,1,1.4738237243207422,0
50.0,3.13,501.0,10.37,4.0,0,3.313099041533546,0
60.0,24.76,614.0,3.67,2.0,1,0.14822294022617122,0
40.0,21.81,535.0,2.27,2.0,1,0.10408069692801468,0
52.0,24.21,735.0,29.15,1.0,1,1.2040479140850886,1
30.0,24.83,587.0,8.46,4.0,1,0.34071687474828843,0
51.0,23.63,452.0,9.16,1.0,1,0.3876428269149387,0
61.0,12.03,566.0,15.15,2.0,1,1.259351620947631,0
64.0,22.53,521.0,22.76,2.0,1,1.010208610741234,0
60.0,16.62,466.0,1.42,0.0,1,0.08543922984356196,0
56.0,8.53,481.0,15.07,1.0,0,1.7667057444314187,0
40.0,9.15,470.0,25.34,0.0,0,2.769398907103825,0
44.0,13.79,741.0,21.25,1.0,1,1.5409717186366934,1
42.0,4.03,615.0,25.73,2.0,0,6.384615384615384,0
36.0,20.77,676.0,8.17,2.0,1,0.3933558016369764,0
60.0,22.19,627.0,11.8,2.0,1,0.5317710680486706,0
47.0,24.61,643.0,14.21,0.0,1,0.5774075579032913,0
42.0,14.95,453.0,7.54,2.0,1,0.5043478260869565,0
55.0,3.23,616.0,14.32,2.0,0,4.43343653250774,0
23.0,14.16,731.0,25.9,4.0,0,1.82909604519774,1
42.0,17.79,467.0,25.13,1.0,1,1.4125913434513773,0
42.0,13.17,765.0,19.67,1.0,1,1.493545937737282,1
37.0,23.74,583.0,28.32,3.0,1,1.1929233361415335,0
46.0,2.76,850.0,7.98,3.0,0,2.8913043478260874,1
27.0,3.07,456.0,17.76,4.0,0,5.785016286644952,0
30.0,20.6,539.0,8.18,2.0,1,0.39708737864077664,0
32.0,5.63,463.0,17.2,2.0,0,3.0550621669626996,0
42.0,3.62,570.0,6.38,4.0,0,1.7624309392265192,0
29.0,18.25,498.0,16.94,1.0,1,0.9282191780821919,0
60.0,13.79,476.0,17.56,1.0,1,1.2733865119651921,0
64.0,5.05,537.0,15.03,0.0,0,2.976237623762376,0
61.0,11.53,548.0,21.37,2.0,0,1.8534258456201216,0
51.0,3.65,832.0,14.9,2.0,0,4.082191780821918,1
37.0,6.48,842.0,27.17,4.0,0,4.192901234567901,1
29.0,8.67,496.0,22.21,0.0,0,2.5617070357554788,0
33.0,19.21,670.0,29.01,4.0,1,1.5101509630400833,0
36.0,22.67,531.0,6.22,2.0,1,0.27437141596823994,0
54.0,5.51,586.0,10.86,4.0,0,1.970961887477314,0
64.0,11.77,750.0,24.19,3.0,0,2.0552251486830926,1
52.0,22.33,585.0,3.72,3.0,1,0.1665920286609942,0
43.0,21.99,740.0,22.46,0.0,1,1.0213733515234198,1
54.0,7.7,741.0,14.16,4.0,0,1.838961038961039,1
31.0,17.01,674.0,9.39,1.0,1,0.5520282186948854,0
51.0,10.85,567.0,26.01,3.0,0,2.3972350230414747,0
51.0,22.82,641.0,24.86,3.0,1,1.0893952673093776,0
36.0,21.27,543.0,24.28,4.0,1,1.1415138692994828,0
30.0,4.71,456.0,7.48,1.0,0,1.5881104033970277,0
63.0,2.86,486.0,2.05,0.0,1,0.7167832167832168,0
36.0,7.08,616.0,19.48,2.0,0,2.751412429378531,0
56.0,2.14,500.0,27.11,3.0,0,12.66822429906542,0
54.0,6.69,477.0,27.24,3.0,0,4.071748878923766,0
22.0,13.79,508.0,27.91,0.0,1,2.023930384336476,0
28.0,23.09,732.0,12.84,4.0,1,0.5560848852317021,1
28.0,23.83,625.0,6.06,2.0,1,0.25430130088124214,0
58.0,10.43,823.0,25.81,2.0,0,2.4745925215723874,1
48.0,7.72,471.0,15.97,4.0,0,2.068652849740933,0
35.0,23.73,522.0,23.46,1.0,1,0.988621997471555,0
63.0,16.78,568.0,6.68,4.0,1,0.3980929678188319,0
56.0,18.34,780.0,2.93,4.0,1,0.15976008724100327,1
22.0,7.96,661.0,14.03,2.0,0,1.7625628140703518,0
60.0,24.65,652.0,28.27,2.0,1,1.1468559837728196,0
28.0,20.98,801.0,18.34,0.0,1,0.8741658722592945,1
29.0,13.13,530.0,27.52,1.0,0,2.0959634424980957,0
42.0,11.29,774.0,12.96,0.0,1,1.1479185119574846,1
49.0,19.27,483.0,18.74,1.0,1,0.9724961079398028,0
38.0,10.41,777.0,20.41,4.0,0,1.9606147934678193,1
36.0,5.34,678.0,25.08,3.0,0,4.6966292134831455,0
57.0,20.65,706.0,10.43,0.0,1,0.5050847457627119,1
27.0,18.12,729.0,22.76,0.0,1,1.2560706401766004,1
58.0,20.08,529.0,5.58,0.0,1,0.2778884462151395,0
44.0,18.61,709.0,24.24,0.0,1,1.3025255239118754,1
42.0,11.11,482.0,22.13,4.0,0,1.991899189918992,0
34.0,7.35,712.0,20.64,2.0,0,2.808163265306123,1
47.0,10.75,451.0,22.77,1.0,0,2.118139534883721,0
42.0,7.2,609.0,26.81,1.0,0,3.723611111111111,0
35.0,18.28,479.0,19.27,2.0,1,1.0541575492341355,0
53.0,21.48,569.0,14.23,2.0,1,0.6624767225325885,0
36.0,24.25,743.0,15.675,3.0,1,0.6463917525773196,1
60.0,7.26,572.0,10.72,1.0,1,1.4765840220385675,0
58.0,20.82,812.0,26.19,3.0,1,1.2579250720461095,1
39.0,23.38,518.0,18.35,0.0,1,0.7848588537211293,0
64.0,22.34,476.0,15.03,4.0,1,0.6727842435094001,0
47.0,5.03,722.0,14.5,1.0,0,2.882703777335984,1
47.0,2.89,838.0,1.53,4.0,1,0.5294117647058824,1
42.0,19.45,831.0,27.44,3.0,1,1.4107969151670952,1
38.0,11.43,527.0,7.12,0.0,1,0.6229221347331584,0
58.0,6.81,841.0,19.15,2.0,0,2.8120411160058736,1
59.0,15.33,788.0,20.48,0.0,1,1.3359425962165687,1
55.0,2.8,637.0,8.52,3.0,0,3.0428571428571427,0
33.0,20.42,491.0,29.36,2.0,1,1.4378060724779627,0
33.0,7.37,566.0,28.94,3.0,0,3.926729986431479,0
26.0,20.03,597.0,6.86,0.0,1,0.34248627059410885,0
39.0,23.08,541.0,18.45,1.0,1,0.7993934142114385,0
36.0,19.45,465.0,15.675,4.0,1,0.8059125964010283,0
27.0,18.62,792.0,3.03,1.0,1,0.1627282491944146,1
33.0,21.04,480.0,26.12,0.0,1,1.241444866920152,0
42.0,3.12,633.0,15.675,3.0,0,5.024038461538462,0
50.0,6.73,627.0,24.77,4.0,0,3.6805349182763742,0
38.0,18.62,641.0,25.73,3.0,1,1.3818474758324382,0
45.0,13.79,781.0,13.32,2.0,1,0.965917331399565,1
22.0,21.95,727.0,29.8,3.0,1,1.357630979498861,1
46.0,5.71,536.0,24.58,4.0,0,4.304728546409807,0
47.0,4.86,820.0,20.16,3.0,0,4.148148148148148,1
64.0,23.81,816.0,6.47,2.0,1,0.27173456530869383,1
32.0,16.04,848.0,17.39,1.0,1,1.0841645885286784,1
53.0,3.2,617.0,16.7,0.0,0,5.218749999999999,0
54.0,2.01,724.0,12.92,1.0,0,6.427860696517413,1
55.0,6.34,747.0,29.48,3.0,0,4.649842271293376,1
44.0,11.87,674.0,15.05,2.0,1,1.2679022746419546,0
29.0,17.33,834.0,26.43,0.0,1,1.5251009809578766,1
22.0,21.75,484.0,26.93,4.0,1,1.2381609195402299,0
49.0,10.52,720.0,29.66,1.0,0,2.8193916349809887,1
40.0,10.78,717.0,25.64,4.0,0,2.3784786641929503,1
31.0,4.25,826.0,27.32,4.0,0,6.4282352941176475,1
25.0,14.1,590.0,15.87,4.0,1,1.125531914893617,0
33.0,19.56,678.0,4.6,4.0,1,0.23517382413087934,0
54.0,18.39,505.0,11.13,2.0,1,0.6052202283849919,0
51.0,20.84,550.0,27.67,3.0,1,1.3277351247600768,0
31.0,18.67,722.0,10.45,1.0,1,0.559721478307445,1
30.0,7.15,583.0,14.34,2.0,0,2.0055944055944055,0
22.0,22.96,743.0,9.91,3.0,1,0.43162020905923343,1
42.0,16.94,736.0,15.54,2.0,1,0.9173553719008263,1
40.0,2.47,480.0,20.61,2.0,0,8.34412955465587,0
41.0,6.67,596.0,20.31,0.0,0,3.0449775112443778,0
41.0,2.54,537.0,21.14,0.0,0,8.32283464566929,0
23.0,14.48,691.0,18.64,4.0,1,1.287292817679558,0
35.0,13.64,611.0,8.0,1.0,1,0.5865102639296187,0
36.0,7.39,651.0,14.68,2.0,0,1.986468200270636,0
34.0,16.18,607.0,16.22,0.0,1,1.0024721878862792,0
43.0,1.99,660.0,26.76,1.0,0,13.447236180904524,0
57.0,3.61,561.0,16.92,1.0,0,4.686980609418283,0
62.0,19.54,584.0,24.76,4.0,1,1.2671443193449337,0
42.0,12.67,801.0,13.52,2.0,1,1.0670876085240726,1
53.0,4.63,514.0,8.4,1.0,0,1.8142548596112311,0
61.0,6.44,840.0,9.41,3.0,1,1.4611801242236024,1
59.0,9.07,752.0,25.88,2.0,0,2.853362734288864,1
55.0,7.07,552.0,4.08,1.0,1,0.577086280056577,0
45.0,4.19,606.0,11.85,1.0,0,2.8281622911694506,0
45.0,15.21,724.0,14.99,3.0,1,0.9855358316896778,1
58.0,21.78,762.0,26.49,3.0,1,1.2162534435261707,1
48.0,22.02,472.0,16.42,4.0,1,0.7456857402361491,0
47.0,5.76,738.0,5.03,1.0,1,0.873263888888889,1
28.0,11.44,785.0,3.29,4.0,1,0.2875874125874126,1
28.0,19.85,765.0,13.77,2.0,1,0.6937027707808564,1
28.0,11.25,767.0,5.01,3.0,1,0.4453333333333333,1
57.0,23.87,497.0,9.43,4.0,1,0.3950565563468789,0
57.0,19.19,488.0,13.63,1.0,1,0.710265763418447,0
24.0,13.65,531.0,6.68,2.0,1,0.48937728937728936,0
63.0,6.45,621.0,4.45,3.0,1,0.689922480620155,0
52.0,21.67,595.0,28.11,4.0,1,1.2971850484540839,0
25.0,2.69,464.0,6.39,3.0,0,2.3754646840148697,0
26.0,23.34,559.0,14.83,0.0,1,0.6353898886032562,0
59.0,4.42,726.0,2.1,1.0,1,0.47511312217194573,1
31.0,15.86,764.0,28.4,1.0,1,1.790668348045397,1
34.0,18.94,649.0,12.17,3.0,1,0.6425554382259767,0
53.0,21.82,755.0,13.98,1.0,1,0.6406966086159487,1
40.0,4.91,831.0,14.09,4.0,0,2.8696537678207736,1
24.0,9.85,717.0,10.7,0.0,1,1.0862944162436547,1
35.0,19.3,580.0,19.77,3.0,1,1.0243523316062175,0
52.0,19.69,740.0,8.19,2.0,1,0.4159471813103098,1
34.0,17.1,611.0,12.59,2.0,1,0.7362573099415204,0
30.0,4.26,641.0,12.69,1.0,0,2.97887323943662,0
61.0,11.93,477.0,22.62,3.0,0,1.8960603520536463,0
64.0,5.54,505.0,18.67,3.0,0,3.370036101083033,0
40.0,12.62,624.0,1.44,0.0,1,0.11410459587955626,0
42.0,4.56,824.0,20.75,0.0,0,4.550438596491229,1
56.0,3.19,674.0,3.42,3.0,0,1.0721003134796239,0
57.0,12.19,641.0,25.76,2.0,0,2.1132075471698117,0
23.0,2.78,637.0,27.11,0.0,0,9.75179856115108,0
30.0,7.07,513.0,16.97,0.0,0,2.4002828854314,0
23.0,9.31,606.0,27.85,2.0,0,2.99140708915145,0
24.0,20.07,481.0,10.96,0.0,1,0.5460886895864475,0
33.0,8.16,610.0,27.43,2.0,0,3.361519607843137,0
58.0,14.31,826.0,18.14,2.0,1,1.26764500349406,1
53.0,8.83,755.0,21.74,3.0,0,2.4620611551528877,1
57.0,22.41,454.0,6.46,3.0,1,0.28826416778224007,0
54.0,22.19,569.0,29.82,1.0,1,1.3438485804416402,0
42.0,21.66,610.0,12.29,4.0,1,0.5674053554939981,0
26.0,7.25,709.0,10.44,1.0,1,1.44,1
41.0,23.7,607.0,8.43,2.0,1,0.3556962025316456,0
22.0,16.63,828.0,15.93,3.0,1,0.957907396271798,1
21.0,23.33,759.0,1.47,4.0,1,0.063009001285898,1
45.0,5.9,653.0,10.31,1.0,1,1.747457627118644,0
50.0,7.7,799.0,13.89,2.0,1,1.8038961038961039,1
60.0,4.17,463.0,26.82,1.0,0,6.431654676258993,0
35.0,2.15,546.0,24.12,3.0,0,11.218604651162792,0
38.0,12.62,618.0,4.04,3.0,1,0.3201267828843106,0
51.0,20.24,818.0,29.91,1.0,1,1.4777667984189724,1
46.0,2.27,639.0,12.73,1.0,0,5.607929515418502,0
48.0,16.28,804.0,27.56,1.0,1,1.6928746928746927,1
63.0,3.66,606.0,9.43,4.0,0,2.576502732240437,0
36.0,5.89,584.0,15.675,2.0,0,2.6612903225806455,0
63.0,6.59,688.0,17.8,3.0,0,2.701062215477997,0
46.0,2.98,680.0,20.62,4.0,0,6.919463087248323,0
31.0,2.5,738.0,4.81,1.0,1,1.924,1
55.0,9.73,579.0,24.69,0.0,0,2.537512846865365,0
63.0,24.67,761.0,24.8,0.0,1,1.005269558167815,1
33.0,14.99,518.0,5.37,2.0,1,0.35823882588392264,0
24.0,16.91,745.0,7.58,4.0,1,0.4482554701360142,1
28.0,9.38,811.0,28.54,1.0,0,3.042643923240938,1
27.0,8.8,783.0,10.04,3.0,1,1.1409090909090907,1
62.0,16.85,467.0,13.22,1.0,1,0.7845697329376854,0
51.0,14.99,527.0,16.68,2.0,1,1.1127418278852568,0
33.0,23.03,599.0,10.75,1.0,1,0.46678245766391663,0
28.0,11.8,679.0,18.2,0.0,1,1.542372881355932,0
30.0,20.26,476.0,24.17,4.0,1,1.1929911154985193,0
40.0,24.08,608.0,3.5,2.0,1,0.14534883720930233,0
42.0,15.86,503.0,14.5,0.0,1,0.914249684741488,0
43.0,21.97,731.0,9.06,4.0,1,0.4123805188893947,1
23.0,20.0,649.0,3.93,2.0,1,0.1965,0
41.0,24.38,665.0,12.15,0.0,1,0.4983593109105825,0
45.0,18.67,755.0,26.42,4.0,1,1.415104445634708,1
57.0,22.19,565.0,26.71,3.0,1,1.2036953582694907,0
28.0,16.43,484.0,9.82,0.0,1,0.5976871576384662,0
48.0,8.69,836.0,28.2,3.0,0,3.2451093210586883,1
28.0,6.91,487.0,26.28,2.0,0,3.8031837916063678,0
47.0,9.48,665.0,10.46,3.0,1,1.1033755274261603,0
40.0,17.13,663.0,23.3,3.0,1,1.3601868067717455,0
62.0,17.13,678.0,7.3,1.0,1,0.4261529480443666,0
58.0,15.87,662.0,26.8,0.0,1,1.6887208569628231,0
62.0,13.79,641.0,5.47,1.0,1,0.39666424945612766,0
41.0,23.9,473.0,23.13,2.0,1,0.9677824267782427,0
40.0,14.74,643.0,16.04,1.0,1,1.0881953867028493,0
26.0,18.48,711.0,17.99,4.0,1,0.9734848484848484,1
32.0,11.22,684.0,21.62,2.0,0,1.9269162210338682,0
52.0,22.92,847.0,20.78,1.0,1,0.9066317626527051,1
43.0,5.11,527.0,28.2,4.0,0,5.518590998043052,0
48.0,6.41,540.0,19.51,4.0,0,3.043681747269891,0
41.0,12.36,525.0,13.18,4.0,1,1.0663430420711975,0
47.0,12.38,807.0,14.61,3.0,1,1.1801292407108237,1
42.0,2.59,648.0,3.29,0.0,1,1.2702702702702704,0
40.0,22.83,845.0,12.1,1.0,1,0.5300043802014893,1
24.0,22.98,551.0,8.03,0.0,1,0.3494342906875544,0
43.0,11.01,834.0,19.46,2.0,1,1.7674841053587649,1
63.0,15.2,830.0,12.79,0.0,1,0.8414473684210526,1
52.0,20.39,595.0,11.33,0.0,1,0.5556645414418833,0
38.0,15.24,708.0,19.37,1.0,1,1.270997375328084,1
50.0,7.85,531.0,15.86,3.0,0,2.0203821656050955,0
23.0,4.12,680.0,7.53,4.0,0,1.8276699029126213,0
40.0,20.8,699.0,18.07,4.0,1,0.86875,0
55.0,24.64,825.0,9.93,1.0,1,0.4030032467532467,1
42.0,20.51,680.0,10.26,3.0,1,0.500243783520234,0
57.0,1.71,748.0,17.55,0.0,0,10.263157894736842,1
49.0,7.47,820.0,20.99,2.0,0,2.8099062918340025,1
25.0,16.96,698.0,16.08,2.0,1,0.9481132075471697,0
29.0,3.2,545.0,28.13,3.0,0,8.790624999999999,0
42.0,20.0,783.0,4.84,3.0,1,0.242,1
63.0,16.53,617.0,4.61,2.0,1,0.278886872353297,0
52.0,4.73,797.0,24.74,2.0,0,5.23044397463002,1
61.0,16.12,454.0,11.99,4.0,1,0.7437965260545906,0
43.0,20.18,665.0,26.56,2.0,1,1.3161546085232902,0
23.0,23.15,827.0,2.24,1.0,1,0.09676025917926567,1
37.0,13.74,669.0,19.22,2.0,1,1.3988355167394468,0
50.0,20.62,695.0,1.25,2.0,1,0.0606207565470417,0
43.0,17.41,838.0,29.23,4.0,1,1.678920160827111,1
23.0,2.59,539.0,14.53,1.0,0,5.61003861003861,0
54.0,21.24,626.0,2.54,0.0,1,0.11958568738229756,0
28.0,17.94,800.0,6.28,1.0,1,0.35005574136008916,1
46.0,10.86,832.0,5.77,3.0,1,0.5313075506445673,1
30.0,17.13,734.0,14.12,4.0,1,0.8242848803269118,1
41.0,18.53,697.0,5.57,3.0,1,0.3005936319481921,0
33.0,14.41,638.0,9.74,3.0,1,0.6759195003469812,0
52.0,1.67,750.0,11.14,1.0,0,6.670658682634731,1
21.0,8.8,626.0,2.55,0.0,1,0.28977272727272724,0
26.0,23.78,552.0,15.675,4.0,1,0.6591673675357443,0
26.0,3.14,626.0,5.95,4.0,0,1.894904458598726,0
21.0,18.76,722.0,20.97,0.0,1,1.1178038379530915,1
53.0,16.84,653.0,18.17,3.0,1,1.078978622327791,0
42.0,10.09,465.0,20.85,4.0,0,2.066402378592666,0
44.0,15.07,777.0,4.61,3.0,1,0.30590577305905775,1
64.0,13.0,634.0,14.16,1.0,1,1.0892307692307692,0
51.0,10.93,721.0,11.94,3.0,1,1.092406221408966,1
51.0,15.59,488.0,14.59,4.0,1,0.935856318152662,0
54.0,14.39,726.0,17.32,3.0,1,1.2036136205698402,1
47.0,5.03,760.0,10.28,4.0,0,2.043737574552684,1
50.0,6.36,612.0,27.27,0.0,0,4.287735849056603,0
53.0,5.13,525.0,29.32,3.0,0,5.715399610136452,0
35.0,24.68,474.0,17.65,4.0,1,0.7151539708265802,0
61.0,1.86,591.0,29.86,4.0,0,16.053763440860212,0
56.0,17.14,604.0,12.13,3.0,1,0.7077012835472579,0
55.0,15.3,721.0,6.68,3.0,1,0.43660130718954243,1
52.0,9.27,606.0,20.48,2.0,0,2.2092772384034522,0
53.0,6.76,662.0,28.98,1.0,0,4.28698224852071,0
61.0,17.47,518.0,20.21,0.0,1,1.1568402976531198,0
52.0,21.2,788.0,23.87,3.0,1,1.1259433962264151,1
31.0,21.6,799.0,20.12,4.0,1,0.9314814814814815,1
34.0,2.68,691.0,16.15,4.0,0,6.026119402985073,0
60.0,15.42,776.0,9.03,2.0,1,0.5856031128404668,1
43.0,16.46,549.0,20.71,1.0,1,1.2582017010935602,0
23.0,5.73,759.0,26.95,4.0,0,4.703315881326352,1
64.0,11.54,820.0,19.04,4.0,1,1.6499133448873484,1
53.0,21.06,744.0,28.25,1.0,1,1.3414055080721747,1
29.0,16.93,767.0,10.74,3.0,1,0.6343768458357945,1
63.0,19.07,708.0,25.71,4.0,1,1.348190875721028,1
58.0,22.1,581.0,28.92,3.0,1,1.3085972850678733,0
30.0,19.06,464.0,29.31,2.0,1,1.537775445960126,0
41.0,10.09,808.0,29.27,1.0,0,2.9008919722497524,1
36.0,22.64,817.0,1.74,1.0,1,0.07685512367491165,1
44.0,19.19,805.0,26.08,3.0,1,1.359041167274622,1
40.0,20.53,748.0,19.04,1.0,1,0.927423283000487,1
60.0,17.15,529.0,14.35,2.0,1,0.8367346938775511,0
31.0,5.63,474.0,12.35,2.0,0,2.19360568383659,0
22.0,15.19,458.0,4.93,3.0,1,0.3245556287030941,0
56.0,7.38,502.0,9.38,0.0,1,1.2710027100271004,0
59.0,3.11,802.0,25.75,1.0,0,8.279742765273312,1
62.0,3.53,515.0,9.86,0.0,0,2.7932011331444757,0
54.0,17.03,704.0,10.35,2.0,1,0.6077510275983558,1
24.0,16.85,556.0,15.64,0.0,1,0.9281899109792284,0
31.0,18.33,594.0,12.66,0.0,1,0.6906710310965631,0
28.0,18.81,721.0,18.09,4.0,1,0.9617224880382775,1
50.0,8.35,764.0,18.87,0.0,1,2.2598802395209585,1
64.0,8.6,834.0,27.84,2.0,0,3.2372093023255815,1
45.0,16.5,481.0,15.56,3.0,1,0.9430303030303031,0
36.0,19.08,490.0,25.68,2.0,1,1.3459119496855347,0
22.0,10.06,660.0,27.85,3.0,0,2.768389662027833,0
47.0,6.23,813.0,16.59,0.0,1,2.6629213483146064,1
41.0,23.25,559.0,25.33,1.0,1,1.0894623655913978,0
36.0,4.51,570.0,25.14,3.0,0,5.574279379157429,0
30.0,22.44,466.0,8.46,0.0,1,0.3770053475935829,0
50.0,12.46,453.0,5.76,2.0,1,0.46227929373996784,0
53.0,24.66,597.0,8.47,1.0,1,0.3434712084347121,0
31.0,18.76,609.0,9.25,4.0,1,0.4930703624733475,0
26.0,5.19,807.0,8.29,0.0,1,1.5973025048169553,1
32.0,16.65,555.0,24.26,2.0,1,1.4570570570570573,0
47.0,9.37,643.0,21.74,2.0,0,2.32017075773746,0
53.0,4.17,458.0,3.84,0.0,1,0.9208633093525179,0
57.0,6.46,692.0,17.29,2.0,0,2.676470588235294,0
34.0,24.77,700.0,6.35,4.0,1,0.2563584981832862,1
29.0,14.51,545.0,23.13,2.0,1,1.5940730530668503,0
35.0,15.2,490.0,2.97,4.0,1,0.1953947368421053,0
41.0,10.16,609.0,14.89,2.0,1,1.4655511811023623,0
36.0,20.46,491.0,20.02,1.0,1,0.9784946236559139,0
52.0,13.97,547.0,3.26,1.0,1,0.2333571939871152,0
43.0,10.85,767.0,10.62,2.0,1,0.9788018433179723,1
57.0,13.25,787.0,18.84,2.0,1,1.4218867924528302,1
40.0,9.17,752.0,24.45,0.0,0,2.6663031624863684,1
42.0,3.52,624.0,17.86,4.0,0,5.073863636363636,0
37.0,17.82,603.0,14.25,0.0,1,0.7996632996632996,0
27.0,8.32,652.0,29.64,1.0,0,3.5625,0
64.0,24.92,641.0,27.51,3.0,1,1.103932584269663,0
29.0,20.49,621.0,21.19,2.0,1,1.0341630063445584,0
59.0,20.07,641.0,29.73,0.0,1,1.4813153961136023,0
53.0,21.28,777.0,10.35,0.0,1,0.4863721804511278,1
30.0,4.81,831.0,5.45,0.0,1,1.1330561330561333,1
42.0,3.95,691.0,17.54,1.0,0,4.440506329113924,0
32.0,7.03,656.0,13.99,2.0,0,1.9900426742532005,0
64.0,24.17,708.0,26.01,1.0,1,1.076127430699214,1
46.0,10.07,493.0,19.33,1.0,0,1.9195630585898706,0
64.0,3.07,653.0,11.84,4.0,0,3.8566775244299674,0
21.0,8.33,831.0,25.19,0.0,0,3.0240096038415367,1
64.0,6.58,845.0,21.91,2.0,0,3.3297872340425534,1
53.0,19.67,801.0,24.53,2.0,1,1.2470767666497202,1
24.0,17.33,748.0,25.3,0.0,1,1.4598961338718985,1
64.0,12.29,586.0,13.04,1.0,1,1.0610252237591538,0
25.0,9.01,841.0,19.01,4.0,0,2.109877913429523,1
41.0,13.79,731.0,19.68,4.0,0,1.427121102248006,1
46.0,12.51,838.0,19.44,3.0,1,1.5539568345323742,1
41.0,13.79,824.0,5.67,3.0,1,0.41116751269035534,1
29.0,8.23,497.0,24.38,2.0,0,2.962332928311057,0
62.0,19.03,799.0,24.43,1.0,1,1.2837624802942722,1
50.0,7.94,752.0,26.46,2.0,0,3.3324937027707806,1
49.0,22.94,537.0,21.91,0.0,1,0.9551002615518744,0
45.0,18.27,818.0,23.58,4.0,1,1.29064039408867,1
38.0,24.6,618.0,4.74,3.0,1,0.1926829268292683,0
61.0,10.69,526.0,2.19,2.0,1,0.2048643592142189,0
44.0,24.24,514.0,26.21,1.0,1,1.0812706270627064,0
31.0,16.82,592.0,21.22,2.0,1,1.2615933412604041,0
53.0,22.55,738.0,14.95,2.0,1,0.6629711751662971,1
42.0,10.64,710.0,18.01,4.0,0,1.6926691729323309,1
29.0,4.85,473.0,9.91,4.0,0,2.0432989690721652,0
40.0,4.97,635.0,25.36,1.0,0,5.1026156941649905,0
35.0,22.6,817.0,4.75,4.0,1,0.21017699115044247,1
63.0,22.55,763.0,29.67,2.0,1,1.3157427937915742,1
61.0,24.58,475.0,14.87,4.0,1,0.6049633848657445,0
50.0,21.89,696.0,4.04,0.0,1,0.1845591594335313,0
58.0,5.95,783.0,27.8,4.0,0,4.6722689075630255,1
31.0,21.79,515.0,12.87,4.0,1,0.5906379072969252,0
43.0,17.69,631.0,19.45,0.0,1,1.0994912379875634,0
47.0,13.79,476.0,29.76,1.0,0,2.1580855692530823,0
47.0,2.81,677.0,27.16,0.0,0,9.665480427046264,0
33.0,11.23,667.0,22.55,2.0,0,2.008014247551202,0
42.0,18.84,694.0,9.89,1.0,1,0.5249469214437368,0
45.0,16.84,738.0,15.41,0.0,1,0.915083135391924,1
36.0,8.65,792.0,14.63,4.0,0,1.6913294797687861,1
50.0,14.03,569.0,2.29,0.0,1,0.1632216678545973,0
43.0,11.64,730.0,8.5,2.0,1,0.7302405498281787,1
24.0,5.97,487.0,4.13,4.0,0,0.6917922948073701,0
49.0,7.26,537.0,9.7,1.0,1,1.3360881542699723,0
42.0,11.43,568.0,11.57,0.0,1,1.0122484689413824,0
35.0,18.15,455.0,19.04,3.0,1,1.0490358126721764,0
31.0,10.05,558.0,3.01,4.0,1,0.299502487562189,0
40.0,4.57,719.0,16.26,1.0,0,3.5579868708971554,1
62.0,24.83,563.0,15.55,1.0,1,0.6262585581957311,0
61.0,16.1,666.0,24.52,4.0,1,1.5229813664596272,0
40.0,17.53,601.0,27.73,4.0,0,1.5818596691386195,0
25.0,21.08,668.0,15.03,0.0,1,0.7129981024667932,0
31.0,1.6,473.0,19.87,0.0,0,12.41875,0
62.0,9.65,750.0,15.03,3.0,1,1.5575129533678755,1
28.0,5.29,565.0,22.75,3.0,0,4.300567107750473,0
29.0,18.42,499.0,14.64,3.0,1,0.7947882736156351,0
30.0,5.91,452.0,21.43,2.0,0,3.626057529610829,0
43.0,12.42,595.0,28.35,1.0,0,2.282608695652174,0
39.0,7.14,663.0,14.92,1.0,0,2.089635854341737,0
63.0,5.93,566.0,17.12,0.0,0,2.8870151770657677,0
37.0,6.69,489.0,15.1,1.0,0,2.257100149476831,0
56.0,14.18,562.0,2.18,2.0,1,0.153737658674189,0
56.0,8.98,475.0,22.28,2.0,0,2.4810690423162582,0
43.0,16.46,769.0,5.15,1.0,1,0.3128797083839611,1
44.0,15.82,655.0,14.77,4.0,1,0.9336283185840708,0
33.0,9.94,451.0,4.04,4.0,1,0.40643863179074446,0
26.0,9.6,814.0,12.06,0.0,1,1.25625,1
55.0,9.0,695.0,11.31,2.0,1,1.2566666666666668,0
48.0,12.63,657.0,28.79,1.0,0,2.279493269992082,0
61.0,9.29,462.0,20.74,2.0,0,2.232508073196986,0
53.0,8.19,781.0,28.83,3.0,0,3.52014652014652,1
29.0,18.35,720.0,4.06,0.0,1,0.22125340599455037,1
64.0,10.71,552.0,5.01,4.0,1,0.4677871148459383,0
55.0,14.77,459.0,21.56,1.0,1,1.4597156398104265,0
64.0,3.66,709.0,20.83,2.0,0,5.691256830601092,1
31.0,7.56,640.0,25.16,2.0,0,3.3280423280423284,0
50.0,14.47,797.0,15.675,4.0,1,1.0832757429163786,1
42.0,12.23,673.0,19.29,3.0,1,1.5772690106295992,0
41.0,19.71,462.0,9.2,1.0,1,0.46676813800101463,0
29.0,9.46,833.0,16.0,4.0,0,1.6913319238900633,1
25.0,15.53,452.0,11.48,4.0,1,0.7392144236960722,0
28.0,18.27,674.0,28.14,4.0,1,1.5402298850574714,0
32.0,16.45,729.0,27.63,3.0,1,1.6796352583586627,1
29.0,21.8,834.0,23.57,1.0,1,1.0811926605504587,1
22.0,5.12,458.0,4.65,3.0,0,0.908203125,0
43.0,20.77,740.0,28.56,4.0,1,1.3750601829561868,1
44.0,24.98,513.0,18.55,1.0,1,0.7425940752602082,0
35.0,12.47,579.0,22.42,4.0,0,1.7979149959903769,0
32.0,6.28,812.0,23.46,1.0,0,3.7356687898089174,1
21.0,19.42,741.0,24.28,4.0,1,1.250257466529351,1
30.0,20.16,615.0,13.58,4.0,1,0.6736111111111112,0
44.0,9.17,480.0,6.29,1.0,1,0.6859323882224646,0
57.0,4.48,679.0,16.48,4.0,0,3.6785714285714284,0
46.0,12.22,490.0,4.64,0.0,1,0.3797054009819967,0
32.0,20.26,704.0,25.13,3.0,1,1.2403751233958538,1
46.0,22.1,524.0,27.37,1.0,1,1.2384615384615385,0
33.0,7.24,815.0,12.4,1.0,1,1.712707182320442,1
43.0,10.69,641.0,15.9,1.0,1,1.4873713751169317,0
45.0,14.17,672.0,13.99,3.0,1,0.9872971065631616,0
24.0,22.18,658.0,10.14,4.0,1,0.4571686203787196,0
48.0,17.0,612.0,11.72,2.0,1,0.6894117647058824,0
59.0,3.48,606.0,5.32,4.0,0,1.528735632183908,0
35.0,9.49,845.0,25.24,0.0,0,2.6596417281348788,1
52.0,11.15,590.0,7.81,2.0,1,0.7004484304932734,0
41.0,4.66,850.0,21.42,0.0,0,4.5965665236051505,1
43.0,5.13,778.0,4.81,0.0,1,0.9376218323586744,1
28.0,17.81,624.0,3.8,1.0,1,0.2133632790567097,0
63.0,4.03,721.0,18.21,1.0,0,4.518610421836228,1
50.0,6.18,506.0,5.67,3.0,0,0.9174757281553398,0
64.0,7.13,552.0,12.13,2.0,0,1.7012622720897617,0
35.0,22.7,693.0,11.74,1.0,1,0.5171806167400881,0
25.0,21.72,827.0,13.64,1.0,1,0.6279926335174955,1
34.0,6.02,705.0,12.63,1.0,0,2.098006644518273,1
28.0,12.38,493.0,23.08,2.0,0,1.8642972536348947,0
24.0,22.95,831.0,24.4,2.0,1,1.0631808278867103,1
61.0,17.8,704.0,29.84,0.0,1,1.6764044943820224,1
43.0,19.11,496.0,15.675,4.0,1,0.8202511773940346,0
39.0,17.59,755.0,16.36,0.0,1,0.9300739056281978,1
24.0,10.22,662.0,3.88,4.0,1,0.3796477495107632,0
46.0,10.5,570.0,12.13,2.0,1,1.1552380952380954,0
22.0,19.72,841.0,17.39,4.0,1,0.8818458417849899,1
37.0,12.32,772.0,5.37,3.0,1,0.43587662337662336,1
57.0,17.87,721.0,13.56,3.0,1,0.7588136541689983,1
36.0,19.47,560.0,15.14,4.0,1,0.7776065742167437,0
37.0,3.93,646.0,4.02,3.0,0,1.0229007633587786,0
44.0,7.3,487.0,21.85,3.0,0,2.993150684931507,0
27.0,9.15,830.0,14.77,3.0,1,1.6142076502732239,1
41.0,13.68,591.0,24.1,0.0,1,1.7616959064327486,0
25.0,21.45,783.0,28.85,3.0,1,1.344988344988345,1
52.0,6.07,800.0,10.97,3.0,0,1.8072487644151565,1
25.0,20.77,806.0,25.83,0.0,1,1.2436206066441984,1
56.0,7.74,458.0,17.57,2.0,0,2.2700258397932815,0
51.0,8.38,500.0,9.93,2.0,1,1.1849642004773269,0
42.0,21.73,791.0,27.06,3.0,1,1.2452830188679245,1
49.0,2.14,557.0,21.91,2.0,0,10.238317757009344,0
36.0,14.45,659.0,8.05,4.0,1,0.5570934256055364,0
57.0,8.85,720.0,10.54,2.0,1,1.190960451977401,1
28.0,16.68,508.0,15.86,4.0,1,0.9508393285371702,0
46.0,10.03,699.0,16.66,4.0,0,1.6610169491525424,0
21.0,9.94,805.0,20.38,3.0,0,2.050301810865191,1
28.0,17.18,799.0,4.42,4.0,1,0.2572759022118743,1
58.0,19.35,669.0,11.23,0.0,1,0.5803617571059432,0
50.0,8.9,710.0,12.81,0.0,1,1.439325842696629,1
47.0,19.12,506.0,23.31,3.0,1,1.2191422594142258,0
62.0,7.82,819.0,28.85,1.0,0,3.6892583120204603,1
37.0,21.5,810.0,17.01,2.0,1,0.7911627906976745,1
35.0,11.74,843.0,21.43,1.0,1,1.8253833049403747,1
55.0,11.39,836.0,19.43,2.0,1,1.7058823529411764,1
56.0,15.71,641.0,8.67,0.0,1,0.5518777848504137,0
56.0,20.5,680.0,27.57,2.0,1,1.344878048780488,0
62.0,23.82,768.0,27.29,1.0,1,1.1456759026028547,1
38.0,23.7,738.0,20.56,4.0,1,0.8675105485232067,1
36.0,13.06,581.0,21.91,1.0,1,1.6776416539050536,0
42.0,8.61,744.0,28.93,4.0,0,3.3600464576074334,1
54.0,16.75,517.0,29.86,2.0,0,1.7826865671641792,0
58.0,6.66,767.0,17.61,3.0,0,2.644144144144144,1
50.0,10.5,667.0,29.31,4.0,0,2.7914285714285714,0
41.0,17.4,825.0,29.88,0.0,1,1.717241379310345,1
45.0,7.23,779.0,18.59,3.0,0,2.5712309820193635,1
52.0,6.33,487.0,13.14,2.0,0,2.075829383886256,0
38.0,15.98,519.0,9.4,3.0,1,0.5882352941176471,0
32.0,17.9,834.0,25.39,4.0,1,1.4184357541899444,1
63.0,7.26,510.0,25.34,2.0,0,3.4903581267217634,0
54.0,5.25,552.0,3.62,2.0,1,0.6895238095238095,0
48.0,20.62,584.0,18.9,0.0,1,0.9165858389912706,0
41.0,24.6,679.0,23.65,4.0,1,0.9613821138211381,0
56.0,14.18,697.0,14.42,4.0,1,1.0169252468265162,0
26.0,20.15,498.0,5.86,3.0,1,0.2908188585607941,0
41.0,2.71,647.0,5.47,0.0,1,2.018450184501845,0
26.0,18.32,483.0,6.01,1.0,1,0.32805676855895194,0
39.0,19.57,525.0,3.97,4.0,1,0.20286152273888605,0
63.0,6.19,635.0,10.17,0.0,1,1.6429725363489498,0
63.0,11.57,488.0,15.89,1.0,1,1.3733794295592048,0
33.0,21.27,521.0,6.03,3.0,1,0.2834978843441467,0
39.0,14.13,559.0,29.69,1.0,0,2.1012031139419673,0
42.0,4.76,459.0,18.5,2.0,0,3.8865546218487395,0
32.0,23.62,597.0,15.44,0.0,1,0.6536833192209991,0
43.0,23.81,537.0,29.15,3.0,1,1.2242755144897102,0
44.0,15.56,457.0,2.43,3.0,1,0.15616966580976865,0
61.0,9.3,542.0,18.82,2.0,0,2.0236559139784944,0
30.0,24.39,638.0,18.89,4.0,1,0.7744977449774498,0
53.0,18.4,812.0,13.27,1.0,1,0.7211956521739131,1
21.0,23.34,733.0,25.98,0.0,1,1.1131105398457584,1
31.0,14.5,504.0,3.35,3.0,1,0.2310344827586207,0
64.0,20.94,750.0,1.14,4.0,1,0.05444126074498567,1
28.0,16.43,498.0,15.93,0.0,1,0.9695678636640293,0
60.0,19.07,571.0,18.53,2.0,1,0.9716832721552177,0
60.0,10.51,542.0,15.68,2.0,1,1.4919124643196955,0
62.0,11.65,741.0,5.39,3.0,1,0.46266094420600856,1
33.0,24.78,641.0,23.0,1.0,1,0.9281678773204196,0
44.0,21.94,658.0,21.27,0.0,1,0.9694621695533272,0
41.0,2.51,683.0,19.49,1.0,0,7.764940239043825,0
44.0,8.36,534.0,2.27,0.0,1,0.2715311004784689,0
40.0,18.39,568.0,12.74,0.0,1,0.6927678085916259,0
53.0,6.3,634.0,25.88,4.0,0,4.1079365079365076,0
59.0,14.89,594.0,21.57,0.0,1,1.4486232370718604,0
62.0,15.23,557.0,1.95,1.0,1,0.12803676953381482,0
42.0,16.44,715.0,4.6,0.0,1,0.27980535279805346,1
29.0,3.29,546.0,4.2,1.0,0,1.2765957446808511,0
30.0,22.97,568.0,2.72,2.0,1,0.11841532433609056,0
36.0,4.1,623.0,5.51,3.0,0,1.3439024390243903,0
37.0,2.84,661.0,9.1,4.0,0,3.204225352112676,0
31.0,7.3,456.0,25.69,2.0,0,3.519178082191781,0
62.0,13.79,687.0,6.7,1.0,1,0.48585931834662804,0
28.0,8.05,742.0,15.53,3.0,0,1.9291925465838506,1
48.0,6.33,639.0,22.6,3.0,0,3.5703001579778832,0
41.0,11.0,769.0,15.01,2.0,1,1.3645454545454545,1
33.0,13.79,616.0,18.77,2.0,1,1.3611312545322698,0
47.0,11.7,715.0,25.99,4.0,0,2.2213675213675215,1
28.0,21.42,813.0,18.52,4.0,1,0.8646125116713351,1
58.0,12.42,562.0,3.76,2.0,1,0.3027375201288245,0
35.0,24.37,764.0,29.22,4.0,1,1.1990151826015591,1
56.0,18.45,751.0,17.13,3.0,1,0.9284552845528455,1
24.0,19.17,622.0,14.12,4.0,1,0.7365675534689619,0
31.0,13.79,691.0,29.8,3.0,1,2.1609862218999276,0
30.0,12.69,715.0,15.37,1.0,1,1.211189913317573,1
37.0,23.48,762.0,12.88,1.0,1,0.5485519591141397,1
41.0,21.55,459.0,5.22,3.0,1,0.2422273781902552,0
43.0,18.47,787.0,22.92,3.0,1,1.240931239848403,1
58.0,18.54,566.0,1.7,1.0,1,0.09169363538295577,0
60.0,10.3,683.0,6.14,3.0,1,0.5961165048543688,0
49.0,20.56,491.0,24.33,3.0,1,1.1833657587548638,0
42.0,24.55,660.0,6.49,4.0,1,0.26435845213849285,0
41.0,6.79,746.0,27.18,0.0,0,4.002945508100147,1
60.0,10.35,639.0,2.97,3.0,1,0.28695652173913044,0
22.0,18.62,663.0,29.96,4.0,1,1.6090225563909775,0
54.0,17.36,709.0,23.97,2.0,1,1.3807603686635945,1
37.0,13.43,775.0,16.73,2.0,1,1.2457185405807893,1
51.0,22.4,502.0,21.56,0.0,1,0.9625,0
39.0,2.75,630.0,6.47,4.0,0,2.3527272727272726,0
46.0,8.82,623.0,9.25,2.0,1,1.0487528344671202,0
48.0,11.15,464.0,19.06,1.0,0,1.7094170403587443,0
52.0,13.34,556.0,3.03,1.0,1,0.22713643178410794,0
56.0,1.73,677.0,10.07,2.0,0,5.820809248554913,0
50.0,19.4,462.0,11.07,0.0,1,0.570618556701031,0
29.0,15.16,664.0,10.28,3.0,1,0.6781002638522426,0
27.0,8.69,496.0,15.83,4.0,0,1.8216340621403915,0
29.0,10.31,738.0,19.09,2.0,1,1.8516003879728418,1
54.0,15.5,537.0,19.09,2.0,1,1.2316129032258065,0
42.0,16.48,693.0,22.63,3.0,1,1.3731796116504853,0
33.0,21.65,848.0,5.15,0.0,1,0.2378752886836028,1
23.0,9.79,593.0,4.42,1.0,1,0.4514811031664965,0
37.0,2.15,549.0,15.42,3.0,0,7.172093023255814,0
39.0,8.78,771.0,24.17,1.0,0,2.752847380410023,1
51.0,2.58,704.0,4.25,0.0,1,1.6472868217054264,1
38.0,13.74,673.0,27.6,2.0,0,2.0087336244541487,0
34.0,21.82,708.0,12.08,2.0,1,0.5536205316223648,1
57.0,20.93,485.0,25.89,1.0,1,1.2369804108934543,0
32.0,23.53,760.0,3.95,1.0,1,0.16787080322991926,1
24.0,21.9,650.0,18.06,3.0,1,0.8246575342465753,0
28.0,14.49,632.0,28.16,4.0,0,1.943409247757074,0
29.0,9.14,651.0,16.04,3.0,0,1.7549234135667393,0
34.0,2.75,555.0,15.21,1.0,0,5.530909090909091,0
35.0,20.34,539.0,18.95,3.0,1,0.931661750245821,0
64.0,15.01,665.0,13.81,3.0,1,0.9200532978014657,0
60.0,23.36,798.0,16.99,0.0,1,0.7273116438356164,1
58.0,9.67,540.0,14.14,0.0,1,1.4622543950361946,0
44.0,9.23,469.0,7.95,4.0,0,0.8613217768147345,0
50.0,17.68,582.0,2.62,0.0,1,0.14819004524886878,0
42.0,18.47,743.0,1.3,4.0,1,0.07038440714672442,1
41.0,8.35,774.0,15.55,3.0,0,1.8622754491017965,1
25.0,17.77,719.0,20.0,3.0,1,1.1254924029262803,1
32.0,16.22,691.0,17.84,4.0,1,1.0998766954377313,0
31.0,9.24,752.0,11.35,0.0,1,1.2283549783549783,1
51.0,10.79,789.0,28.58,3.0,0,2.648748841519926,1
57.0,18.85,550.0,14.64,0.0,1,0.776657824933687,0
56.0,18.74,495.0,17.54,1.0,1,0.9359658484525081,0
21.0,24.63,518.0,10.88,2.0,1,0.4417377182298011,0
43.0,12.61,742.0,12.49,3.0,1,0.9904837430610627,1
60.0,23.03,637.0,6.94,1.0,1,0.30134607034303085,0
59.0,23.65,829.0,29.29,2.0,1,1.238477801268499,1
43.0,18.4,484.0,20.48,1.0,1,1.1130434782608696,0
53.0,16.78,541.0,6.77,2.0,1,0.40345649582836707,0
43.0,8.93,589.0,4.8,1.0,1,0.5375139977603584,0
53.0,1.97,604.0,3.69,4.0,0,1.8730964467005076,0
31.0,13.79,822.0,9.01,1.0,1,0.653372008701958,1
24.0,19.15,646.0,5.34,1.0,1,0.2788511749347259,0
34.0,4.91,635.0,13.48,3.0,0,2.745417515274949,0
31.0,5.97,841.0,18.14,0.0,0,3.038525963149079,1
39.0,24.51,526.0,3.55,3.0,1,0.14483884128926966,0
48.0,2.23,480.0,26.11,4.0,0,11.708520179372197,0
24.0,7.72,697.0,3.75,2.0,1,0.48575129533678757,0
58.0,24.25,845.0,9.8,3.0,1,0.4041237113402062,1
35.0,17.91,538.0,5.98,2.0,1,0.33389168062534896,0
39.0,23.81,752.0,5.42,3.0,1,0.2276354472910542,1
26.0,21.1,454.0,15.27,2.0,1,0.723696682464455,0
22.0,19.32,605.0,19.0,1.0,1,0.9834368530020704,0
64.0,20.21,662.0,6.79,0.0,1,0.3359722909450767,0
29.0,21.93,641.0,16.41,2.0,1,0.7482900136798906,0
53.0,14.04,597.0,3.59,2.0,1,0.2556980056980057,0
37.0,20.62,712.0,1.58,0.0,1,0.07662463627546072,1
38.0,9.83,498.0,17.47,0.0,1,1.7772126144455747,0
47.0,6.96,510.0,7.66,3.0,0,1.1005747126436782,0
22.0,3.52,737.0,12.24,4.0,0,3.4772727272727275,1
42.0,17.8,490.0,13.38,3.0,1,0.751685393258427,0
48.0,21.29,589.0,14.66,2.0,1,0.6885861906998592,0
64.0,7.15,634.0,18.54,0.0,0,2.5930069930069926,0
64.0,10.23,679.0,2.46,3.0,1,0.24046920821114368,0
45.0,11.06,811.0,5.77,0.0,1,0.5216998191681735,1
37.0,14.35,503.0,14.64,1.0,1,1.0202090592334496,0
51.0,17.19,490.0,3.91,4.0,1,0.22745782431646305,0
37.0,8.6,544.0,10.63,2.0,1,1.2360465116279071,0
58.0,19.23,511.0,5.84,0.0,1,0.3036921476859074,0
45.0,4.52,707.0,6.8,2.0,1,1.504424778761062,1
24.0,4.02,831.0,28.59,1.0,0,7.111940298507464,1
46.0,14.89,615.0,19.27,2.0,1,1.2941571524513096,0
58.0,6.3,471.0,16.56,4.0,0,2.6285714285714286,0
24.0,5.79,637.0,23.93,0.0,0,4.132987910189983,0
60.0,3.98,742.0,26.67,1.0,0,6.701005025125629,1
56.0,17.91,475.0,28.92,0.0,1,1.6147403685092128,0
53.0,14.63,833.0,7.33,0.0,1,0.5010252904989747,1
50.0,18.6,671.0,20.89,3.0,1,1.1231182795698924,0
30.0,8.68,845.0,13.55,2.0,1,1.5610599078341014,1
25.0,14.64,678.0,18.96,2.0,1,1.2950819672131149,0
21.0,11.39,625.0,2.23,2.0,1,0.1957857769973661,0
35.0,16.72,563.0,9.31,1.0,1,0.5568181818181819,0
43.0,2.91,769.0,18.83,3.0,0,6.470790378006872,1
41.0,6.64,672.0,9.03,4.0,0,1.3599397590361446,0
48.0,24.03,755.0,17.4,2.0,1,0.7240948813982521,1
39.0,13.02,537.0,5.38,1.0,1,0.41321044546851,0
50.0,9.11,626.0,25.96,3.0,0,2.8496158068057085,0
42.0,22.48,509.0,9.51,4.0,1,0.4230427046263345,0
46.0,2.39,672.0,27.41,4.0,0,11.468619246861925,0
23.0,8.47,578.0,13.85,4.0,0,1.6351829988193622,0
23.0,10.56,671.0,25.54,0.0,0,2.418560606060606,0
33.0,24.27,493.0,10.49,0.0,1,0.4322208487845076,0
30.0,22.56,758.0,13.11,2.0,1,0.5811170212765957,1
30.0,2.82,748.0,6.41,1.0,1,2.273049645390071,1
52.0,2.75,835.0,12.59,1.0,0,4.578181818181818,1
21.0,8.08,684.0,24.13,4.0,0,2.9863861386138613,0
39.0,16.73,777.0,9.77,1.0,1,0.5839808726838015,1
26.0,19.81,672.0,16.23,2.0,1,0.8192831903079254,0
41.0,9.78,782.0,27.75,3.0,0,2.837423312883436,1
44.0,19.02,804.0,4.17,0.0,1,0.2192429022082019,1
40.0,2.57,725.0,5.22,3.0,0,2.0311284046692606,1
34.0,4.81,482.0,19.54,0.0,0,4.0623700623700625,0
57.0,17.98,533.0,16.41,0.0,1,0.9126807563959956,0
37.0,2.26,537.0,17.07,2.0,0,7.553097345132744,0
63.0,5.04,568.0,20.39,0.0,0,4.045634920634921,0
26.0,1.51,646.0,16.48,1.0,0,10.913907284768213,0
21.0,23.85,720.0,10.22,2.0,1,0.42851153039832285,1
42.0,7.03,832.0,24.22,3.0,0,3.445234708392603,1
51.0,19.78,765.0,20.22,4.0,1,1.0222446916076844,1
22.0,7.09,683.0,4.13,1.0,1,0.5825105782792666,0
25.0,17.39,746.0,27.63,2.0,1,1.5888441633122483,1
58.0,7.71,730.0,22.7,2.0,0,2.9442282749675743,1
41.0,24.92,608.0,15.14,4.0,1,0.6075441412520064,0
41.0,13.79,526.0,21.83,2.0,0,1.5830311820159535,0
39.0,10.02,489.0,7.15,2.0,1,0.7135728542914173,0
56.0,15.65,669.0,6.97,2.0,1,0.44536741214057507,0
57.0,21.97,661.0,5.97,0.0,1,0.27173418297678653,0
39.0,16.82,792.0,15.675,2.0,1,0.9319262782401903,1
55.0,16.57,744.0,3.11,2.0,1,0.18768859384429692,1
27.0,24.59,604.0,1.75,3.0,1,0.0711671411142741,0
38.0,6.17,661.0,14.21,4.0,0,2.3030794165316046,0
62.0,11.19,738.0,18.4,2.0,1,1.6443252904378909,1
63.0,3.98,835.0,13.57,0.0,0,3.4095477386934676,1
41.0,21.81,584.0,18.69,1.0,1,0.8569463548830812,0
38.0,14.32,781.0,20.67,1.0,1,1.4434357541899443,1
52.0,17.62,732.0,28.32,0.0,1,1.6072644721906924,1
56.0,12.82,521.0,13.77,4.0,1,1.0741029641185647,0
52.0,17.6,788.0,16.02,4.0,1,0.9102272727272727,1
22.0,18.15,483.0,22.84,0.0,1,1.2584022038567495,0
48.0,6.92,539.0,29.33,4.0,0,4.238439306358381,0
46.0,13.28,849.0,18.48,1.0,1,1.3915662650602412,1
64.0,18.05,533.0,29.65,0.0,1,1.6426592797783932,0
25.0,9.58,570.0,20.11,4.0,0,2.0991649269311066,0
42.0,13.81,621.0,12.08,4.0,1,0.8747284576393917,0
38.0,10.91,529.0,1.04,4.0,1,0.09532538955087076,0
32.0,6.62,484.0,6.31,0.0,1,0.9531722054380664,0
46.0,11.01,767.0,8.8,0.0,1,0.7992733878292462,1
36.0,11.76,496.0,4.96,0.0,1,0.4217687074829932,0
50.0,6.8,462.0,27.16,4.0,0,3.9941176470588236,0
56.0,4.92,693.0,21.45,2.0,0,4.359756097560975,0
38.0,4.12,599.0,24.64,1.0,0,5.980582524271845,0
33.0,19.05,484.0,1.1,4.0,1,0.05774278215223097,0
61.0,24.69,469.0,19.49,1.0,1,0.7893884163628998,0
43.0,21.4,522.0,17.32,4.0,1,0.8093457943925234,0
22.0,18.73,677.0,14.49,3.0,1,0.7736252002135611,0
59.0,9.81,556.0,10.83,3.0,1,1.1039755351681957,0
63.0,18.8,508.0,18.64,3.0,1,0.9914893617021276,0
26.0,13.79,627.0,9.43,1.0,1,0.6838288614938361,0
37.0,9.02,791.0,15.09,4.0,0,1.672949002217295,1
62.0,24.3,453.0,17.09,2.0,1,0.7032921810699588,0
21.0,24.2,649.0,1.5,0.0,1,0.06198347107438017,0
29.0,22.22,450.0,12.65,4.0,1,0.5693069306930694,0
64.0,24.83,594.0,26.76,2.0,1,1.0777285541683448,0
33.0,10.05,614.0,22.43,1.0,0,2.2318407960199003,0
56.0,7.98,636.0,18.35,0.0,0,2.299498746867168,0
63.0,14.73,583.0,8.99,3.0,1,0.6103190767141887,0
31.0,6.17,638.0,7.46,1.0,1,1.2090761750405186,0
44.0,15.87,768.0,8.77,3.0,1,0.5526149968494014,1
35.0,3.09,701.0,11.77,1.0,0,3.809061488673139,1
47.0,9.91,607.0,21.35,3.0,0,2.1543895055499496,0
61.0,21.0,476.0,22.03,0.0,1,1.049047619047619,0
56.0,18.33,544.0,1.11,0.0,1,0.06055646481178397,0
53.0,5.4,827.0,8.65,2.0,1,1.6018518518518519,1
49.0,24.73,760.0,26.73,1.0,1,1.080873433077234,1
52.0,19.6,542.0,16.5,2.0,1,0.8418367346938775,0
27.0,15.4,832.0,27.45,2.0,1,1.7824675324675323,1
24.0,19.72,803.0,19.55,1.0,1,0.9913793103448276,1
31.0,6.61,488.0,7.71,2.0,0,1.166414523449319,0
26.0,11.01,508.0,28.47,2.0,0,2.5858310626703,0
37.0,23.37,525.0,11.26,3.0,1,0.48181429182712876,0
45.0,7.35,504.0,25.29,3.0,0,3.440816326530612,0
35.0,21.89,457.0,23.58,4.0,1,1.0772042028323434,0
25.0,3.44,755.0,19.38,0.0,0,5.633720930232558,1
40.0,12.98,452.0,21.02,4.0,0,1.6194144838212634,0
22.0,8.73,592.0,25.39,2.0,0,2.90836197021764,0
23.0,18.33,631.0,1.62,3.0,1,0.08837970540098201,0
62.0,19.3,736.0,5.14,3.0,1,0.26632124352331604,1
52.0,20.85,791.0,2.21,2.0,1,0.10599520383693045,1
54.0,21.66,495.0,29.88,4.0,1,1.3795013850415512,0
47.0,21.03,665.0,24.29,1.0,1,1.155016642891108,0
38.0,22.66,638.0,13.08,2.0,1,0.5772285966460724,0
40.0,24.09,531.0,2.55,3.0,1,0.1058530510585305,0
43.0,11.24,623.0,14.25,2.0,1,1.2677935943060499,0
44.0,20.98,744.0,8.69,2.0,1,0.41420400381315536,1
34.0,2.97,633.0,27.89,3.0,0,9.390572390572391,0
60.0,20.08,757.0,28.38,4.0,1,1.4133466135458168,1
58.0,23.1,554.0,12.77,1.0,1,0.5528138528138528,0
40.0,21.74,495.0,19.2,3.0,1,0.8831646734130635,0
39.0,5.1,487.0,9.29,4.0,0,1.8215686274509804,0
29.0,19.46,847.0,8.13,4.0,1,0.4177800616649538,1
27.0,16.01,492.0,27.82,4.0,0,1.7376639600249841,0
25.0,8.66,753.0,4.21,3.0,1,0.48614318706697457,1
50.0,21.02,662.0,29.12,3.0,1,1.3853472882968603,0
31.0,16.13,503.0,11.11,1.0,1,0.6887786732796032,0
56.0,1.62,473.0,21.83,3.0,0,13.475308641975307,0
54.0,12.71,474.0,21.36,1.0,0,1.6805664830841855,0
53.0,3.74,738.0,7.73,0.0,1,2.0668449197860963,1
60.0,15.3,820.0,1.89,4.0,1,0.12352941176470587,1
31.0,6.79,617.0,13.45,1.0,0,1.9808541973490426,0
48.0,6.57,641.0,8.04,2.0,1,1.2237442922374426,0
44.0,24.9,610.0,18.9,3.0,1,0.7590361445783133,0
36.0,11.42,717.0,1.62,4.0,1,0.14185639229422067,1
61.0,19.97,583.0,5.33,1.0,1,0.2669003505257887,0
38.0,13.98,657.0,28.71,1.0,0,2.0536480686695278,0
24.0,13.08,757.0,24.52,1.0,1,1.8746177370030581,1
61.0,23.09,568.0,16.18,0.0,1,0.7007362494586401,0
60.0,22.15,726.0,21.75,4.0,1,0.981941309255079,1
37.0,10.54,824.0,20.35,2.0,1,1.9307400379506645,1
62.0,2.67,666.0,26.71,2.0,0,10.00374531835206,0
29.0,8.92,642.0,20.31,2.0,0,2.2769058295964126,0
56.0,11.94,800.0,2.95,0.0,1,0.24706867671691796,1
26.0,5.78,509.0,21.75,1.0,0,3.762975778546713,0
55.0,4.24,692.0,22.51,2.0,0,5.308962264150943,0
52.0,9.91,527.0,15.67,2.0,0,1.5812310797174571,0
39.0,21.25,648.0,25.53,1.0,1,1.2014117647058824,0
62.0,11.36,559.0,22.04,3.0,0,1.9401408450704225,0
53.0,5.0,462.0,11.21,4.0,0,2.242,0
59.0,17.13,815.0,26.44,0.0,1,1.5434909515469937,1
43.0,13.3,657.0,24.2,0.0,1,1.819548872180451,0
45.0,23.25,511.0,4.04,3.0,1,0.17376344086021506,0
26.0,12.46,722.0,12.51,0.0,1,1.0040128410914926,1
26.0,13.52,543.0,19.04,4.0,0,1.4082840236686391,0
24.0,18.94,738.0,2.92,4.0,1,0.15417106652587115,1
49.0,2.79,655.0,20.28,2.0,0,7.268817204301076,0
53.0,6.05,525.0,27.61,3.0,0,4.5636363636363635,0
37.0,16.82,641.0,25.15,2.0,1,1.4952437574316289,0
38.0,10.51,650.0,16.54,2.0,1,1.5737392959086585,0
41.0,16.28,553.0,4.93,4.0,1,0.3028255528255528,0
56.0,9.85,687.0,21.95,4.0,0,2.228426395939086,0
31.0,17.12,457.0,12.08,4.0,1,0.7056074766355139,0
58.0,11.4,503.0,21.57,2.0,0,1.8921052631578947,0
25.0,5.84,762.0,24.26,0.0,0,4.154109589041096,1
35.0,13.89,799.0,29.92,4.0,0,2.154067674586033,1
51.0,18.93,720.0,6.39,1.0,1,0.3375594294770206,1
35.0,21.21,552.0,16.11,4.0,1,0.7595473833097595,0
24.0,7.99,641.0,15.41,3.0,0,1.9286608260325406,0
60.0,14.36,459.0,14.87,1.0,1,1.0355153203342617,0
45.0,24.99,848.0,14.82,1.0,1,0.5930372148859544,1
28.0,8.34,598.0,17.47,1.0,0,2.094724220623501,0
38.0,7.15,502.0,1.07,4.0,1,0.14965034965034965,0
46.0,24.01,719.0,9.41,2.0,1,0.3919200333194502,1
